iteration,type,endpoint,latency_ms
1,legitimate,insecure,19.267399969976395
1,bola,insecure,9.592799993697554
1,legitimate,secure,18.926899996586144
1,bola,secure,14.394700003322214
2,legitimate,insecure,8.20499996189028
2,bola,insecure,6.7968000075779855
2,legitimate,secure,19.657399971038103
2,bola,secure,14.842400036286563
3,legitimate,insecure,8.072299999184906
3,bola,insecure,7.6154000125825405
3,legitimate,secure,17.519599990919232
3,bola,secure,13.292099989484996
4,legitimate,insecure,7.177599996794015
4,bola,insecure,7.503200031351298
4,legitimate,secure,17.804800008889288
4,bola,secure,12.316400010604411
5,legitimate,insecure,7.480400032363832
5,bola,insecure,7.69100000616163
5,legitimate,secure,15.203400049358606
5,bola,secure,13.464600022416562
6,legitimate,insecure,8.54310003342107
6,bola,insecure,7.499500003177673
6,legitimate,secure,16.71840000199154
6,bola,secure,12.437099998351187
7,legitimate,insecure,7.452099991496652
7,bola,insecure,8.13239999115467
7,legitimate,secure,19.729999999981374
7,bola,secure,13.345799990929663
8,legitimate,insecure,8.903199981432408
8,bola,insecure,8.761600009165704
8,legitimate,secure,16.067699994891882
8,bola,secure,12.775000010151416
9,legitimate,insecure,6.733999995049089
9,bola,insecure,7.570200017653406
9,legitimate,secure,17.121999990195036
9,bola,secure,14.784700004383922
10,legitimate,insecure,8.996699994895607
10,bola,insecure,8.303999959025532
10,legitimate,secure,19.852800003718585
10,bola,secure,13.67359998403117
11,legitimate,insecure,6.944200024008751
11,bola,insecure,6.725000042933971
11,legitimate,secure,18.567899998743087
11,bola,secure,14.471700007561594
12,legitimate,insecure,7.0757000357843935
12,bola,insecure,16.838000039570034
12,legitimate,secure,17.949100001715124
12,bola,secure,13.809699972625822
13,legitimate,insecure,7.483900000806898
13,bola,insecure,7.037500035949051
13,legitimate,secure,20.719600026495755
13,bola,secure,14.575200038962066
14,legitimate,insecure,9.351300017442554
14,bola,insecure,8.558299974538386
14,legitimate,secure,19.615800003521144
14,bola,secure,14.413699973374605
15,legitimate,insecure,7.07759999204427
15,bola,insecure,7.057700015138835
15,legitimate,secure,18.326599965803325
15,bola,secure,14.797999989241362
16,legitimate,insecure,9.364300000015646
16,bola,insecure,7.373299973551184
16,legitimate,secure,17.954499984625727
16,bola,secure,13.508600008208305
17,legitimate,insecure,7.756899984087795
17,bola,insecure,7.344899990130216
17,legitimate,secure,18.22079997509718
17,bola,secure,14.942699985112995
18,legitimate,insecure,8.659199986141175
18,bola,insecure,8.09979997575283
18,legitimate,secure,18.176800047513098
18,bola,secure,13.890500005800277
19,legitimate,insecure,7.020300021395087
19,bola,insecure,6.928500020876527
19,legitimate,secure,22.036199981812388
19,bola,secure,13.530500000342727
20,legitimate,insecure,10.280999995302409
20,bola,insecure,8.975000004284084
20,legitimate,secure,16.566500009503216
20,bola,secure,12.68529996741563
21,legitimate,insecure,6.9358000182546675
21,bola,insecure,7.476500002667308
21,legitimate,secure,17.209300014656037
21,bola,secure,13.653500005602837
22,legitimate,insecure,7.978499983437359
22,bola,insecure,9.412799961864948
22,legitimate,secure,19.070299982558936
22,bola,secure,14.632999955210835
23,legitimate,insecure,7.429999997839332
23,bola,insecure,7.4414999689906836
23,legitimate,secure,17.939999990630895
23,bola,secure,14.435699966270477
24,legitimate,insecure,6.509500031825155
24,bola,insecure,9.047400031704456
24,legitimate,secure,21.09970001038164
24,bola,secure,13.912700000219047
25,legitimate,insecure,8.41420004144311
25,bola,insecure,8.539100002963096
25,legitimate,secure,17.51849998254329
25,bola,secure,11.985999997705221
26,legitimate,insecure,7.29239999782294
26,bola,insecure,8.621199987828732
26,legitimate,secure,16.099400003440678
26,bola,secure,17.811500001698732
27,legitimate,insecure,7.844199950341135
27,bola,insecure,7.642699987627566
27,legitimate,secure,25.506799982395023
27,bola,secure,13.795399980153888
28,legitimate,insecure,7.3361999820917845
28,bola,insecure,8.278900000732392
28,legitimate,secure,19.068699970375746
28,bola,secure,13.6944999685511
29,legitimate,insecure,8.421199978329241
29,bola,insecure,8.432600006926805
29,legitimate,secure,18.113099969923496
29,bola,secure,13.121599971782416
30,legitimate,insecure,7.488500035833567
30,bola,insecure,8.243699965532869
30,legitimate,secure,19.106099964119494
30,bola,secure,18.597499991301447
31,legitimate,insecure,9.249800001271069
31,bola,insecure,7.628100051078945
31,legitimate,secure,19.012599950656295
31,bola,secure,14.242300007026643
32,legitimate,insecure,6.985499989241362
32,bola,insecure,8.946600020863116
32,legitimate,secure,16.552800021599978
32,bola,secure,13.082100020255893
33,legitimate,insecure,8.693199953995645
33,bola,insecure,6.683900021016598
33,legitimate,secure,16.365399991627783
33,bola,secure,13.763399969320744
34,legitimate,insecure,7.203000015579164
34,bola,insecure,7.363000011537224
34,legitimate,secure,16.469999973196536
34,bola,secure,13.537799997720867
35,legitimate,insecure,10.95639995764941
35,bola,insecure,7.17250001616776
35,legitimate,secure,15.10800002142787
35,bola,secure,12.36849999986589
36,legitimate,insecure,6.916699989233166
36,bola,insecure,7.535400043707341
36,legitimate,secure,14.566900033969432
36,bola,secure,13.748199969995767
37,legitimate,insecure,8.406799985095859
37,bola,insecure,6.917499995324761
37,legitimate,secure,18.2859999476932
37,bola,secure,13.354700000490993
38,legitimate,insecure,6.892499979585409
38,bola,insecure,7.7102999784983695
38,legitimate,secure,18.159099970944226
38,bola,secure,17.41939998464659
39,legitimate,insecure,8.100399980321527
39,bola,insecure,7.228699978441
39,legitimate,secure,18.37190001970157
39,bola,secure,12.084300047717988
40,legitimate,insecure,6.528900004923344
40,bola,insecure,8.21850000647828
40,legitimate,secure,19.067100016400218
40,bola,secure,13.091899978462607
41,legitimate,insecure,8.380600018426776
41,bola,insecure,8.272399951238185
41,legitimate,secure,18.058399960864335
41,bola,secure,12.617599975783378
42,legitimate,insecure,7.037300034426153
42,bola,insecure,7.619300042279065
42,legitimate,secure,16.92730002105236
42,bola,secure,13.095400005113333
43,legitimate,insecure,6.364200031384826
43,bola,insecure,9.246299974620342
43,legitimate,secure,20.7809999701567
43,bola,secure,13.608700013719499
44,legitimate,insecure,7.5174999656155705
44,bola,insecure,7.61089997831732
44,legitimate,secure,16.313200001604855
44,bola,secure,14.066700008697808
45,legitimate,insecure,6.771999993361533
45,bola,insecure,8.076899976003915
45,legitimate,secure,19.852800003718585
45,bola,secure,13.057000003755093
46,legitimate,insecure,8.543299976736307
46,bola,insecure,6.979600002523512
46,legitimate,secure,18.42660002876073
46,bola,secure,12.1567000169307
47,legitimate,insecure,6.831799983046949
47,bola,insecure,7.158799970056862
47,legitimate,secure,16.310399980284274
47,bola,secure,14.054999977815896
48,legitimate,insecure,8.269799989648163
48,bola,insecure,6.927600014023483
48,legitimate,secure,19.579599960707128
48,bola,secure,11.700799979735166
49,legitimate,insecure,6.588999996893108
49,bola,insecure,6.905200018081814
49,legitimate,secure,17.856599995866418
49,bola,secure,13.316399999894202
50,legitimate,insecure,8.570399950258434
50,bola,insecure,8.642999979201704
50,legitimate,secure,16.271799977403134
50,bola,secure,13.68119998369366
51,legitimate,insecure,7.365300029050559
51,bola,insecure,6.92360004177317
51,legitimate,secure,18.55249999789521
51,bola,secure,14.040199981536716
52,legitimate,insecure,7.808900030795485
52,bola,insecure,7.465900038369
52,legitimate,secure,17.041899962350726
52,bola,secure,12.43800000520423
53,legitimate,insecure,6.8589000147767365
53,bola,insecure,8.198599971365184
53,legitimate,secure,15.60440001776442
53,bola,secure,11.982499971054494
54,legitimate,insecure,7.884200022090226
54,bola,insecure,8.812500047497451
54,legitimate,secure,17.603999993298203
54,bola,secure,13.379699958022684
55,legitimate,insecure,9.690799983218312
55,bola,insecure,11.583999963477254
55,legitimate,secure,27.74619997944683
55,bola,secure,14.437199977692217
56,legitimate,insecure,10.492399975191802
56,bola,insecure,9.025000035762787
56,legitimate,secure,16.303999989759177
56,bola,secure,15.397100010886788
57,legitimate,insecure,9.145500021986663
57,bola,insecure,13.794700033031404
57,legitimate,secure,18.237999989651144
57,bola,secure,14.69909999286756
58,legitimate,insecure,10.719300014898181
58,bola,insecure,8.32510000327602
58,legitimate,secure,20.01939999172464
58,bola,secure,14.416599995456636
59,legitimate,insecure,7.862399972509593
59,bola,insecure,9.248899994418025
59,legitimate,secure,16.312799998559058
59,bola,secure,14.194700052030385
60,legitimate,insecure,7.88210000609979
60,bola,insecure,8.149300003424287
60,legitimate,secure,17.841799999587238
60,bola,secure,13.784000009763986
61,legitimate,insecure,8.746800012886524
61,bola,insecure,7.751299999654293
61,legitimate,secure,19.523599999956787
61,bola,secure,13.60860001295805
62,legitimate,insecure,7.785299967508763
62,bola,insecure,7.204399968031794
62,legitimate,secure,17.784900031983852
62,bola,secure,13.120200019329786
63,legitimate,insecure,8.1977000227198
63,bola,insecure,7.965500000864267
63,legitimate,secure,18.642300041392446
63,bola,secure,13.400099996943027
64,legitimate,insecure,7.294500013813376
64,bola,insecure,7.325500017032027
64,legitimate,secure,19.54369997838512
64,bola,secure,14.656799961812794
65,legitimate,insecure,7.899499963968992
65,bola,insecure,7.15620000846684
65,legitimate,secure,19.07549996394664
65,bola,secure,12.903099996037781
66,legitimate,insecure,9.688000020105392
66,bola,insecure,9.746800002176315
66,legitimate,secure,17.941099999006838
66,bola,secure,12.821000011172146
67,legitimate,insecure,10.936599981505424
67,bola,insecure,9.459099965170026
67,legitimate,secure,17.147600010503083
67,bola,secure,11.515599966514856
68,legitimate,insecure,8.026399998925626
68,bola,insecure,8.007299969904125
68,legitimate,secure,15.975899994373322
68,bola,secure,13.209199998527765
69,legitimate,insecure,8.37840000167489
69,bola,insecure,8.045899972785264
69,legitimate,secure,17.77200005017221
69,bola,secure,13.322999991942197
70,legitimate,insecure,7.346800004597753
70,bola,insecure,8.167900028638542
70,legitimate,secure,16.800399986095726
70,bola,secure,13.994099979754537
71,legitimate,insecure,7.2120000259019434
71,bola,insecure,8.729399996809661
71,legitimate,secure,16.18029997916892
71,bola,secure,14.56869998946786
72,legitimate,insecure,7.5715999701060355
72,bola,insecure,8.288699958939105
72,legitimate,secure,16.077899956144392
72,bola,secure,12.852700019720942
73,legitimate,insecure,8.438499993644655
73,bola,insecure,8.814900007564574
73,legitimate,secure,17.315200006123632
73,bola,secure,13.2737000240013
74,legitimate,insecure,7.441100024152547
74,bola,insecure,7.826199987903237
74,legitimate,secure,18.03410000866279
74,bola,secure,14.128999959211797
75,legitimate,insecure,7.3985999915748835
75,bola,insecure,7.231800002045929
75,legitimate,secure,17.28709996677935
75,bola,secure,13.47220002207905
76,legitimate,insecure,7.707600016146898
76,bola,insecure,8.171800000127405
76,legitimate,secure,18.40910001192242
76,bola,secure,13.994400040246546
77,legitimate,insecure,6.8786999909207225
77,bola,insecure,6.9608999765478075
77,legitimate,secure,18.31250003306195
77,bola,secure,13.198800035752356
78,legitimate,insecure,8.996799995657057
78,bola,insecure,7.459199987351894
78,legitimate,secure,17.03859999543056
78,bola,secure,12.257000023964792
79,legitimate,insecure,7.235000026412308
79,bola,insecure,7.030799984931946
79,legitimate,secure,18.54229997843504
79,bola,secure,11.30600000033155
80,legitimate,insecure,10.270899976603687
80,bola,insecure,7.386400015093386
80,legitimate,secure,17.26520003285259
80,bola,secure,12.014100037049502
81,legitimate,insecure,7.617100025527179
81,bola,insecure,7.006199972238392
81,legitimate,secure,15.277100028470159
81,bola,secure,12.984299974050373
82,legitimate,insecure,8.277200045995414
82,bola,insecure,7.448700023815036
82,legitimate,secure,16.693899990059435
82,bola,secure,14.561799995135516
83,legitimate,insecure,6.856299994979054
83,bola,insecure,7.121200032997876
83,legitimate,secure,13.806900009512901
83,bola,secure,12.728100002277642
84,legitimate,insecure,7.594499969854951
84,bola,insecure,7.493800017982721
84,legitimate,secure,15.827700030058622
84,bola,secure,12.676799960900098
85,legitimate,insecure,7.243200030643493
85,bola,insecure,6.82140002027154
85,legitimate,secure,16.343199997209013
85,bola,secure,11.987400008365512
86,legitimate,insecure,7.740599976386875
86,bola,insecure,7.055800000671297
86,legitimate,secure,17.42519997060299
86,bola,secure,11.965900019276887
87,legitimate,insecure,7.701999973505735
87,bola,insecure,7.617399969603866
87,legitimate,secure,16.597500012721866
87,bola,secure,12.898499961011112
88,legitimate,insecure,7.540500024333596
88,bola,insecure,7.230900053400546
88,legitimate,secure,17.723899974953383
88,bola,secure,11.605700012296438
89,legitimate,insecure,8.23040003888309
89,bola,insecure,9.42750001559034
89,legitimate,secure,14.666900038719177
89,bola,secure,14.016300032380968
90,legitimate,insecure,7.883400015998632
90,bola,insecure,7.897100003901869
90,legitimate,secure,16.08130004024133
90,bola,secure,12.903700000606477
91,legitimate,insecure,8.412000024691224
91,bola,insecure,8.463699952699244
91,legitimate,secure,19.167999969795346
91,bola,secure,12.790200009476393
92,legitimate,insecure,7.602600031532347
92,bola,insecure,8.202299999538809
92,legitimate,secure,15.341500053182244
92,bola,secure,13.511900033336133
93,legitimate,insecure,8.730500005185604
93,bola,insecure,8.395800017751753
93,legitimate,secure,16.63700002245605
93,bola,secure,14.389700023457408
94,legitimate,insecure,7.411099970340729
94,bola,insecure,7.284299994353205
94,legitimate,secure,17.316100012976676
94,bola,secure,14.169499976560473
95,legitimate,insecure,7.677100016735494
95,bola,insecure,9.460499975830317
95,legitimate,secure,18.78850004868582
95,bola,secure,13.88849999057129
96,legitimate,insecure,6.900699983816594
96,bola,insecure,7.450699980836362
96,legitimate,secure,19.698899996001273
96,bola,secure,11.99369999812916
97,legitimate,insecure,9.099500020965934
97,bola,insecure,7.7600000076927245
97,legitimate,secure,21.698800032027066
97,bola,secure,12.735100055579096
98,legitimate,insecure,7.235899975057691
98,bola,insecure,9.257300000172108
98,legitimate,secure,19.719799980521202
98,bola,secure,11.949900013860315
99,legitimate,insecure,9.453299979213625
99,bola,insecure,8.140899997670203
99,legitimate,secure,16.91130001563579
99,bola,secure,12.934700003825128
100,legitimate,insecure,7.838299963623285
100,bola,insecure,7.111100014299154
100,legitimate,secure,17.525000032037497
100,bola,secure,14.834400033578277
101,legitimate,insecure,8.53550003375858
101,bola,insecure,8.12519999453798
101,legitimate,secure,15.781900030560791
101,bola,secure,13.51530000101775
102,legitimate,insecure,7.7748000039719045
102,bola,insecure,9.263599989935756
102,legitimate,secure,15.815699996892363
102,bola,secure,12.876899971161038
103,legitimate,insecure,12.35209999140352
103,bola,insecure,8.058699953835458
103,legitimate,secure,17.19990000128746
103,bola,secure,12.041600013617426
104,legitimate,insecure,6.906900031026453
104,bola,insecure,49.33150002034381
104,legitimate,secure,14.15070000803098
104,bola,secure,12.822700024116784
105,legitimate,insecure,7.5783999636769295
105,bola,insecure,7.501500018406659
105,legitimate,secure,14.657900028396398
105,bola,secure,11.559799953829497
106,legitimate,insecure,8.040400047320873
106,bola,insecure,7.610300031956285
106,legitimate,secure,17.811099998652935
106,bola,secure,11.545099958311766
107,legitimate,insecure,7.726999989245087
107,bola,insecure,7.282399979885668
107,legitimate,secure,15.207700023893267
107,bola,secure,11.819700011983514
108,legitimate,insecure,7.353399996645749
108,bola,insecure,7.05829996149987
108,legitimate,secure,15.50629996927455
108,bola,secure,12.742799997795373
109,legitimate,insecure,7.048700004816055
109,bola,insecure,7.938000024296343
109,legitimate,secure,15.263400040566921
109,bola,secure,12.20560004003346
110,legitimate,insecure,7.459399988874793
110,bola,insecure,7.016499992460012
110,legitimate,secure,15.176700020674616
110,bola,secure,12.42340001044795
111,legitimate,insecure,7.452300051227212
111,bola,insecure,7.860600017011166
111,legitimate,secure,14.84409999102354
111,bola,secure,14.386199996806681
112,legitimate,insecure,6.953399977646768
112,bola,insecure,7.7244999702088535
112,legitimate,secure,18.796699994709343
112,bola,secure,11.321700003463775
113,legitimate,insecure,7.445199997164309
113,bola,insecure,8.08810000307858
113,legitimate,secure,17.002600012347102
113,bola,secure,11.833399999886751
114,legitimate,insecure,6.964400003198534
114,bola,insecure,7.366200035903603
114,legitimate,secure,15.509799995925277
114,bola,secure,12.042100017424673
115,legitimate,insecure,6.964200001675636
115,bola,insecure,8.09560000197962
115,legitimate,secure,21.38079999713227
115,bola,secure,18.55259999865666
116,legitimate,insecure,7.182299974374473
116,bola,insecure,6.890300021041185
116,legitimate,secure,23.73700001044199
116,bola,secure,16.794900002423674
117,legitimate,insecure,8.034500002395362
117,bola,insecure,6.681099999696016
117,legitimate,secure,19.737099995836616
117,bola,secure,13.39949999237433
118,legitimate,insecure,7.724900031462312
118,bola,insecure,6.651299947407097
118,legitimate,secure,19.08289996208623
118,bola,secure,15.44119999743998
119,legitimate,insecure,7.4433000409044325
119,bola,insecure,6.433700036723167
119,legitimate,secure,17.212300037499517
119,bola,secure,13.354599999729544
120,legitimate,insecure,6.566299998667091
120,bola,insecure,8.154800045304
120,legitimate,secure,15.978000010363758
120,bola,secure,13.204599963501096
121,legitimate,insecure,8.827599987853318
121,bola,insecure,7.554000010713935
121,legitimate,secure,22.62260002316907
121,bola,secure,15.532799996435642
122,legitimate,insecure,6.785300036426634
122,bola,insecure,7.854499970562756
122,legitimate,secure,20.411800011061132
122,bola,secure,15.566399961244315
123,legitimate,insecure,8.792800013907254
123,bola,insecure,7.837799959816039
123,legitimate,secure,16.98640000540763
123,bola,secure,13.709500024560839
124,legitimate,insecure,7.250800030305982
124,bola,insecure,7.977900037076324
124,legitimate,secure,16.867000027559698
124,bola,secure,13.086600054521114
125,legitimate,insecure,7.275699987076223
125,bola,insecure,7.352899992838502
125,legitimate,secure,17.60000002104789
125,bola,secure,12.225899961777031
126,legitimate,insecure,6.554100022185594
126,bola,insecure,9.50310000916943
126,legitimate,secure,16.409299976658076
126,bola,secure,11.911100009456277
127,legitimate,insecure,9.019099990837276
127,bola,insecure,7.204300025478005
127,legitimate,secure,19.541400019079447
127,bola,secure,13.330699992366135
128,legitimate,insecure,8.81400000071153
128,bola,insecure,7.695999986026436
128,legitimate,secure,16.935600026044995
128,bola,secure,13.000199978705496
129,legitimate,insecure,8.307799987960607
129,bola,insecure,8.291199977975339
129,legitimate,secure,15.060200006701052
129,bola,secure,14.019399997778237
130,legitimate,insecure,10.103499982506037
130,bola,insecure,7.936599955428392
130,legitimate,secure,17.6901999511756
130,bola,secure,13.265900022815913
131,legitimate,insecure,8.021100016776472
131,bola,insecure,8.889899996574968
131,legitimate,secure,14.975199999753386
131,bola,secure,12.401200016029179
132,legitimate,insecure,9.042599995154887
132,bola,insecure,6.99169997824356
132,legitimate,secure,16.143099986948073
132,bola,secure,12.5459999544546
133,legitimate,insecure,9.13999998010695
133,bola,insecure,7.3726000264286995
133,legitimate,secure,16.67669997550547
133,bola,secure,12.408200011122972
134,legitimate,insecure,9.50300000840798
134,bola,insecure,7.037999981548637
134,legitimate,secure,15.681800025049597
134,bola,secure,11.379299976397306
135,legitimate,insecure,7.411600032355636
135,bola,insecure,6.9905000273138285
135,legitimate,secure,15.880400023888797
135,bola,secure,12.490900000557303
136,legitimate,insecure,8.176100032869726
136,bola,insecure,6.84639997780323
136,legitimate,secure,17.316000012215227
136,bola,secure,12.26040004985407
137,legitimate,insecure,6.89079996664077
137,bola,insecure,6.858500011730939
137,legitimate,secure,15.46790002612397
137,bola,secure,13.06180004030466
138,legitimate,insecure,9.009399975184351
138,bola,insecure,7.527599984314293
138,legitimate,secure,16.394600039348006
138,bola,secure,13.183900038711727
139,legitimate,insecure,6.714699964504689
139,bola,insecure,8.182400022633374
139,legitimate,secure,16.21910004178062
139,bola,secure,12.976299971342087
140,legitimate,insecure,7.876500021666288
140,bola,insecure,7.403099967632443
140,legitimate,secure,15.999600000213832
140,bola,secure,11.720699956640601
141,legitimate,insecure,7.542299979832023
141,bola,insecure,8.056599996052682
141,legitimate,secure,14.673500030767173
141,bola,secure,12.21590000204742
142,legitimate,insecure,6.673900003079325
142,bola,insecure,6.891500030178577
142,legitimate,secure,15.443400014191866
142,bola,secure,11.752999969758093
143,legitimate,insecure,7.2657999699003994
143,bola,insecure,8.602599962614477
143,legitimate,secure,14.422499982174486
143,bola,secure,12.324899958912283
144,legitimate,insecure,7.401800015941262
144,bola,insecure,6.632899981923401
144,legitimate,secure,14.324499992653728
144,bola,secure,13.063999998848885
145,legitimate,insecure,7.470700016710907
145,bola,insecure,7.65700003830716
145,legitimate,secure,15.318799996748567
145,bola,secure,12.900899979285896
146,legitimate,insecure,7.012799964286387
146,bola,insecure,6.556799984537065
146,legitimate,secure,14.649299962911755
146,bola,secure,12.86790001904592
147,legitimate,insecure,9.024700033478439
147,bola,insecure,6.930500036105514
147,legitimate,secure,15.40870004100725
147,bola,secure,11.97870000032708
148,legitimate,insecure,7.029900036286563
148,bola,insecure,8.26000003144145
148,legitimate,secure,15.377800038550049
148,bola,secure,12.265000026673079
149,legitimate,insecure,9.528699971269816
149,bola,insecure,7.986399985384196
149,legitimate,secure,15.707700047641993
149,bola,secure,13.49139999365434
150,legitimate,insecure,8.49850004306063
150,bola,insecure,7.103800016921014
150,legitimate,secure,15.84849995560944
150,bola,secure,13.185099989641458
151,legitimate,insecure,7.269900001119822
151,bola,insecure,6.65969995316118
151,legitimate,secure,17.72140001412481
151,bola,secure,14.590200036764145
152,legitimate,insecure,7.518800033722073
152,bola,insecure,7.051300024613738
152,legitimate,secure,16.602199990302324
152,bola,secure,13.661700009834021
153,legitimate,insecure,7.4615999474190176
153,bola,insecure,6.7183999926783144
153,legitimate,secure,18.76609999453649
153,bola,secure,16.584000026341528
154,legitimate,insecure,8.497599977999926
154,bola,insecure,7.606800005305558
154,legitimate,secure,21.033500030171126
154,bola,secure,16.094200022052974
155,legitimate,insecure,6.668500020168722
155,bola,insecure,6.94740004837513
155,legitimate,secure,18.1806999607943
155,bola,secure,15.733700012788177
156,legitimate,insecure,8.082500018645078
156,bola,insecure,9.017499978654087
156,legitimate,secure,17.636500007938594
156,bola,secure,13.739999965764582
157,legitimate,insecure,8.314299979247153
157,bola,insecure,8.172100002411753
157,legitimate,secure,18.380200024694204
157,bola,secure,15.309799986425787
158,legitimate,insecure,8.29979998525232
158,bola,insecure,8.122899977024645
158,legitimate,secure,17.52170000690967
158,bola,secure,11.92689995514229
159,legitimate,insecure,6.95899996208027
159,bola,insecure,7.402400020509958
159,legitimate,secure,14.986200025305152
159,bola,secure,12.164800020400435
160,legitimate,insecure,6.57819997286424
160,bola,insecure,7.7132000005804
160,legitimate,secure,18.02519999910146
160,bola,secure,12.744400009978563
161,legitimate,insecure,8.038699976168573
161,bola,insecure,7.915999973192811
161,legitimate,secure,15.93610004056245
161,bola,secure,14.01460001943633
162,legitimate,insecure,6.852999969851226
162,bola,insecure,7.564100029412657
162,legitimate,secure,19.917499972507358
162,bola,secure,15.570299990940839
163,legitimate,insecure,6.427799991797656
163,bola,insecure,6.768499966710806
163,legitimate,secure,23.37070001522079
163,bola,secure,14.932399964891374
164,legitimate,insecure,7.374599983450025
164,bola,insecure,6.876999977976084
164,legitimate,secure,18.697299994528294
164,bola,secure,14.595999964512885
165,legitimate,insecure,6.495599984191358
165,bola,insecure,6.440000026486814
165,legitimate,secure,17.47829996747896
165,bola,secure,14.294900000095367
166,legitimate,insecure,7.347899954766035
166,bola,insecure,6.425700034014881
166,legitimate,secure,19.395299954339862
166,bola,secure,15.160700015258044
167,legitimate,insecure,6.825400050729513
167,bola,insecure,8.044700021855533
167,legitimate,secure,17.63680001022294
167,bola,secure,12.663499976042658
168,legitimate,insecure,9.244599961675704
168,bola,insecure,9.158900007605553
168,legitimate,secure,18.474799988325685
168,bola,secure,15.143299999181181
169,legitimate,insecure,8.507200051099062
169,bola,insecure,8.80520005011931
169,legitimate,secure,22.423200018238276
169,bola,secure,14.17460001539439
170,legitimate,insecure,9.626600018236786
170,bola,insecure,8.617499959655106
170,legitimate,secure,19.47259996086359
170,bola,secure,16.602399991825223
171,legitimate,insecure,8.828199992422014
171,bola,insecure,11.45579997682944
171,legitimate,secure,21.836699976120144
171,bola,secure,17.442199983634055
172,legitimate,insecure,9.298899967689067
172,bola,insecure,7.40210001822561
172,legitimate,secure,20.61959996353835
172,bola,secure,15.903799969237298
173,legitimate,insecure,8.496099966578186
173,bola,insecure,7.217799953650683
173,legitimate,secure,20.35549998981878
173,bola,secure,16.667000018060207
174,legitimate,insecure,7.306599989533424
174,bola,insecure,6.580499990377575
174,legitimate,secure,17.461800016462803
174,bola,secure,15.120099997147918
175,legitimate,insecure,6.393499963451177
175,bola,insecure,7.199399988166988
175,legitimate,secure,22.903700009919703
175,bola,secure,15.2280000038445
176,legitimate,insecure,6.464900041464716
176,bola,insecure,6.680399994365871
176,legitimate,secure,21.868099982384592
176,bola,secure,15.553099976386875
177,legitimate,insecure,6.412899994757026
177,bola,insecure,7.0875000092200935
177,legitimate,secure,20.25070000672713
177,bola,secure,16.012300038710237
178,legitimate,insecure,6.4350999891757965
178,bola,insecure,6.794399989303201
178,legitimate,secure,25.817400019150227
178,bola,secure,16.34220004780218
179,legitimate,insecure,7.724599970970303
179,bola,insecure,7.190200034528971
179,legitimate,secure,20.75719996355474
179,bola,secure,15.619700017850846
180,legitimate,insecure,6.56950002303347
180,bola,insecure,6.532799976412207
180,legitimate,secure,18.24180001858622
180,bola,secure,16.840299998875707
181,legitimate,insecure,7.056500006001443
181,bola,insecure,6.455599970649928
181,legitimate,secure,18.571500026155263
181,bola,secure,15.556700003799051
182,legitimate,insecure,6.468200008384883
182,bola,insecure,7.046199985779822
182,legitimate,secure,18.732599972281605
182,bola,secure,15.134199988096952
183,legitimate,insecure,7.457699975930154
183,bola,insecure,7.643999997526407
183,legitimate,secure,20.962900016456842
183,bola,secure,14.633100014179945
184,legitimate,insecure,7.948000042233616
184,bola,insecure,7.060299976728857
184,legitimate,secure,17.111399967689067
184,bola,secure,13.21900001494214
185,legitimate,insecure,7.073999964632094
185,bola,insecure,7.000299985520542
185,legitimate,secure,16.32270001573488
185,bola,secure,11.539199971593916
186,legitimate,insecure,9.83340002130717
186,bola,insecure,8.264200005214661
186,legitimate,secure,14.906099997460842
186,bola,secure,14.3091999925673
187,legitimate,insecure,9.088299993891269
187,bola,insecure,8.126200002152473
187,legitimate,secure,15.686300001107156
187,bola,secure,12.377200007904321
188,legitimate,insecure,9.758699976373464
188,bola,insecure,9.282699960749596
188,legitimate,secure,15.345999971032143
188,bola,secure,12.600000016391277
189,legitimate,insecure,8.53560003452003
189,bola,insecure,7.590699999127537
189,legitimate,secure,15.788400021847337
189,bola,secure,12.379599967971444
190,legitimate,insecure,9.544299973640591
190,bola,insecure,8.388500020373613
190,legitimate,secure,15.397800016216934
190,bola,secure,11.972600012086332
191,legitimate,insecure,7.485899957828224
191,bola,insecure,7.928200007881969
191,legitimate,secure,15.373600006569177
191,bola,secure,12.522700009867549
192,legitimate,insecure,9.398299967870116
192,bola,insecure,7.576300005894154
192,legitimate,secure,15.942499972879887
192,bola,secure,12.022699986118823
193,legitimate,insecure,6.914099969435483
193,bola,insecure,9.12669999524951
193,legitimate,secure,14.976300008129328
193,bola,secure,12.077499995939434
194,legitimate,insecure,9.004299994558096
194,bola,insecure,13.299199985340238
194,legitimate,secure,16.508499975316226
194,bola,secure,13.033399998676032
195,legitimate,insecure,8.707700006198138
195,bola,insecure,8.917300030589104
195,legitimate,secure,16.13589999033138
195,bola,secure,12.170800007879734
196,legitimate,insecure,8.69389995932579
196,bola,insecure,8.040499989874661
196,legitimate,secure,14.676499995402992
196,bola,secure,14.062700036447495
197,legitimate,insecure,7.900199969299138
197,bola,insecure,9.180900000501424
197,legitimate,secure,16.314700013026595
197,bola,secure,14.49770003091544
198,legitimate,insecure,8.425000007264316
198,bola,insecure,8.179399999789894
198,legitimate,secure,18.196600023657084
198,bola,secure,13.337699987459928
199,legitimate,insecure,7.804699998814613
199,bola,insecure,7.089499966241419
199,legitimate,secure,15.731100051198155
199,bola,secure,15.024600026663393
200,legitimate,insecure,7.947899983264506
200,bola,insecure,6.5398000297136605
200,legitimate,secure,16.031199949793518
200,bola,secure,14.899500005412847
201,legitimate,insecure,8.07620002888143
201,bola,insecure,7.498899998608977
201,legitimate,secure,16.722199972718954
201,bola,secure,15.27850003913045
202,legitimate,insecure,7.5039000366814435
202,bola,insecure,6.809400045312941
202,legitimate,secure,17.17020000796765
202,bola,secure,15.754799998831004
203,legitimate,insecure,7.02730001648888
203,bola,insecure,8.0286999582313
203,legitimate,secure,18.742699990980327
203,bola,secure,13.864399981684983
204,legitimate,insecure,9.607599989976734
204,bola,insecure,7.22129998030141
204,legitimate,secure,17.67290005227551
204,bola,secure,13.681000040378422
205,legitimate,insecure,7.907800027169287
205,bola,insecure,8.052300021518022
205,legitimate,secure,16.08880003914237
205,bola,secure,12.626700045075268
206,legitimate,insecure,7.75630003772676
206,bola,insecure,8.836499997414649
206,legitimate,secure,15.30339999590069
206,bola,secure,12.483200000133365
207,legitimate,insecure,8.390900038648397
207,bola,insecure,10.808499995619059
207,legitimate,secure,16.91840001149103
207,bola,secure,12.299599999096245
208,legitimate,insecure,9.572999959345907
208,bola,insecure,7.823100022505969
208,legitimate,secure,15.534900012426078
208,bola,secure,11.776199971791357
209,legitimate,insecure,7.14569998672232
209,bola,insecure,7.897100003901869
209,legitimate,secure,15.15990000916645
209,bola,secure,12.41729996399954
210,legitimate,insecure,7.334400026593357
210,bola,insecure,6.7458999692462385
210,legitimate,secure,15.984700003173202
210,bola,secure,11.957200011238456
211,legitimate,insecure,7.460799999535084
211,bola,insecure,7.742599991615862
211,legitimate,secure,15.178300032857805
211,bola,secure,12.25430000340566
212,legitimate,insecure,7.935600006021559
212,bola,insecure,8.405499975197017
212,legitimate,secure,15.96729998709634
212,bola,secure,12.57010002154857
213,legitimate,insecure,7.456400024238974
213,bola,insecure,7.624800025951117
213,legitimate,secure,17.57760002510622
213,bola,secure,13.923899969086051
214,legitimate,insecure,8.907899959012866
214,bola,insecure,7.73100001970306
214,legitimate,secure,16.489500005263835
214,bola,secure,13.143600022885948
215,legitimate,insecure,8.998999954201281
215,bola,insecure,7.22279999172315
215,legitimate,secure,16.401999979279935
215,bola,secure,12.649199983570725
216,legitimate,insecure,7.312899979297072
216,bola,insecure,6.755000038538128
216,legitimate,secure,16.434400051366538
216,bola,secure,15.088300046045333
217,legitimate,insecure,10.564299998804927
217,bola,insecure,7.148600008804351
217,legitimate,secure,17.974200018215925
217,bola,secure,15.478700050152838
218,legitimate,insecure,7.215699995867908
218,bola,insecure,9.031399968080223
218,legitimate,secure,17.494100029580295
218,bola,secure,13.08570004766807
219,legitimate,insecure,7.774099998641759
219,bola,insecure,8.190600026864558
219,legitimate,secure,17.249700031243265
219,bola,secure,14.4338000100106
220,legitimate,insecure,7.86279997555539
220,bola,insecure,9.453899983782321
220,legitimate,secure,16.524899983778596
220,bola,secure,12.794299982488155
221,legitimate,insecure,7.726699986960739
221,bola,insecure,7.243899977765977
221,legitimate,secure,15.365900006145239
221,bola,secure,12.181600031908602
222,legitimate,insecure,7.221099978778511
222,bola,insecure,9.855100011918694
222,legitimate,secure,16.285200021229684
222,bola,secure,12.356099963653833
223,legitimate,insecure,7.1588000282645226
223,bola,insecure,8.63029999891296
223,legitimate,secure,16.273299988824874
223,bola,secure,11.139100010041147
224,legitimate,insecure,7.2715999558568
224,bola,insecure,8.180100005120039
224,legitimate,secure,14.98360000550747
224,bola,secure,11.604800005443394
225,legitimate,insecure,6.743800011463463
225,bola,insecure,7.5088000157848
225,legitimate,secure,16.470299975480884
225,bola,secure,12.74640002520755
226,legitimate,insecure,7.095600012689829
226,bola,insecure,9.441100002732128
226,legitimate,secure,14.550600026268512
226,bola,secure,12.502799974754453
227,legitimate,insecure,8.375299978069961
227,bola,insecure,7.639100018423051
227,legitimate,secure,16.807799984235317
227,bola,secure,12.969800038263202
228,legitimate,insecure,6.830999976955354
228,bola,insecure,7.924299978185445
228,legitimate,secure,17.830299970228225
228,bola,secure,11.945199978072196
229,legitimate,insecure,6.840099988039583
229,bola,insecure,7.477500010281801
229,legitimate,secure,15.455099986866117
229,bola,secure,12.532299966551363
230,legitimate,insecure,8.373900025617331
230,bola,insecure,6.759000010788441
230,legitimate,secure,15.620800026226789
230,bola,secure,11.940399999730289
231,legitimate,insecure,6.94590003695339
231,bola,insecure,7.70000001648441
231,legitimate,secure,16.131300013512373
231,bola,secure,11.86599995708093
232,legitimate,insecure,7.837100012693554
232,bola,insecure,7.139499997720122
232,legitimate,secure,14.717500016558915
232,bola,secure,12.239999952726066
233,legitimate,insecure,7.760200009215623
233,bola,insecure,8.126300002913922
233,legitimate,secure,15.45320003060624
233,bola,secure,14.987200032919645
234,legitimate,insecure,8.257200010120869
234,bola,insecure,8.046400034800172
234,legitimate,secure,25.14300000621006
234,bola,secure,15.373600006569177
235,legitimate,insecure,7.0167999947443604
235,bola,insecure,7.129599980544299
235,legitimate,secure,18.00580002600327
235,bola,secure,15.416199981700629
236,legitimate,insecure,7.362700009252876
236,bola,insecure,6.939300044905394
236,legitimate,secure,17.937399970833212
236,bola,secure,13.70919996406883
237,legitimate,insecure,7.284599996637553
237,bola,insecure,8.869700017385185
237,legitimate,secure,19.323599990457296
237,bola,secure,13.934199989307672
238,legitimate,insecure,7.476399943698198
238,bola,insecure,6.659600010607392
238,legitimate,secure,19.131199980620295
238,bola,secure,15.639599994756281
239,legitimate,insecure,7.5872999732382596
239,bola,insecure,9.162600035779178
239,legitimate,secure,17.082200036384165
239,bola,secure,16.320500057190657
240,legitimate,insecure,7.492100005038083
240,bola,insecure,8.17400001687929
240,legitimate,secure,18.849299987778068
240,bola,secure,13.874199998099357
241,legitimate,insecure,6.787099991925061
241,bola,insecure,7.4053999851457775
241,legitimate,secure,18.5602999990806
241,bola,secure,14.364300004672259
242,legitimate,insecure,7.810400042217225
242,bola,insecure,7.667900004889816
242,legitimate,secure,16.970800003036857
242,bola,secure,15.337300021201372
243,legitimate,insecure,7.734599988907576
243,bola,insecure,9.38740000128746
243,legitimate,secure,18.18529999582097
243,bola,secure,13.909800036344677
244,legitimate,insecure,7.85260001430288
244,bola,insecure,7.331100001465529
244,legitimate,secure,18.324600008782
244,bola,secure,14.242900011595339
245,legitimate,insecure,6.9358000182546675
245,bola,insecure,9.23929997952655
245,legitimate,secure,17.073000024538487
245,bola,secure,14.202799997292459
246,legitimate,insecure,7.945399964228272
246,bola,insecure,7.250500028021634
246,legitimate,secure,19.704700040165335
246,bola,secure,14.94650001404807
247,legitimate,insecure,9.64070000918582
247,bola,insecure,8.508600003551692
247,legitimate,secure,20.849899970926344
247,bola,secure,13.781699992250651
248,legitimate,insecure,8.70740000391379
248,bola,insecure,9.195099992211908
248,legitimate,secure,15.456900000572205
248,bola,secure,12.068400043062866
249,legitimate,insecure,9.552899980917573
249,bola,insecure,7.75759998941794
249,legitimate,secure,18.34360003704205
249,bola,secure,12.342200032435358
250,legitimate,insecure,8.044599962886423
250,bola,insecure,7.324500009417534
250,legitimate,secure,15.175599954091012
250,bola,secure,12.089300027582794
251,legitimate,insecure,8.685700013302267
251,bola,insecure,8.771300024818629
251,legitimate,secure,14.685000001918525
251,bola,secure,12.451699993107468
252,legitimate,insecure,8.052300021518022
252,bola,insecure,10.744899976998568
252,legitimate,secure,16.631799982860684
252,bola,secure,14.134199998807162
253,legitimate,insecure,8.476999995764345
253,bola,insecure,8.35919997189194
253,legitimate,secure,15.646499989088625
253,bola,secure,12.614900013431907
254,legitimate,insecure,9.853199997451156
254,bola,insecure,8.813099993858486
254,legitimate,secure,15.146100020501763
254,bola,secure,12.131199997384101
255,legitimate,insecure,9.355599991977215
255,bola,insecure,8.357899961993098
255,legitimate,secure,16.298800008371472
255,bola,secure,14.648900018073618
256,legitimate,insecure,8.06600000942126
256,bola,insecure,7.709900033660233
256,legitimate,secure,15.839400002732873
256,bola,secure,14.13440000033006
257,legitimate,insecure,6.704100000206381
257,bola,insecure,7.0250999997369945
257,legitimate,secure,15.306700021028519
257,bola,secure,14.073300000745803
258,legitimate,insecure,8.410600014030933
258,bola,insecure,9.131599974352866
258,legitimate,secure,19.734099972993135
258,bola,secure,13.132599997334182
259,legitimate,insecure,7.353599998168647
259,bola,insecure,6.87770004151389
259,legitimate,secure,15.707699989434332
259,bola,secure,12.471500027459115
260,legitimate,insecure,7.056100002955645
260,bola,insecure,8.092200034298003
260,legitimate,secure,14.578200003597885
260,bola,secure,11.487199983093888
261,legitimate,insecure,6.958000012673438
261,bola,insecure,6.747799983713776
261,legitimate,secure,15.607799985446036
261,bola,secure,14.102999994065613
262,legitimate,insecure,9.243999957107008
262,bola,insecure,7.058800023514777
262,legitimate,secure,15.175300010014325
262,bola,secure,12.64390000142157
263,legitimate,insecure,7.55609996849671
263,bola,insecure,6.605800008401275
263,legitimate,secure,15.296199999284
263,bola,secure,11.147800018079579
264,legitimate,insecure,7.353799999691546
264,bola,insecure,6.688099994789809
264,legitimate,secure,15.707599988672882
264,bola,secure,12.252399988938123
265,legitimate,insecure,6.543299998156726
265,bola,insecure,6.410000030882657
265,legitimate,secure,15.654799994081259
265,bola,secure,13.042200007475913
266,legitimate,insecure,7.5403000228106976
266,bola,insecure,8.668599999509752
266,legitimate,secure,15.292400028556585
266,bola,secure,13.04260001052171
267,legitimate,insecure,7.05979997292161
267,bola,insecure,6.486199970822781
267,legitimate,secure,16.66670001577586
267,bola,secure,11.797400016803294
268,legitimate,insecure,7.1360000292770565
268,bola,insecure,6.651999952737242
268,legitimate,secure,14.685100002679974
268,bola,secure,12.377399951219559
269,legitimate,insecure,6.999799981713295
269,bola,insecure,6.782200012821704
269,legitimate,secure,15.419500006828457
269,bola,secure,12.474599992856383
270,legitimate,insecure,8.275800035335124
270,bola,insecure,6.994199997279793
270,legitimate,secure,18.19839997915551
270,bola,secure,14.540200005285442
271,legitimate,insecure,6.729999964591116
271,bola,insecure,7.505899993702769
271,legitimate,secure,18.335300032049417
271,bola,secure,13.028400018811226
272,legitimate,insecure,6.518099980894476
272,bola,insecure,6.846299977041781
272,legitimate,secure,16.889399965293705
272,bola,secure,13.083000027108938
273,legitimate,insecure,6.730000022798777
273,bola,insecure,8.46879999153316
273,legitimate,secure,16.68120000977069
273,bola,secure,11.900899989996105
274,legitimate,insecure,7.776100013870746
274,bola,insecure,6.898000021465123
274,legitimate,secure,15.106800012290478
274,bola,secure,12.447900022380054
275,legitimate,insecure,6.9696000427939
275,bola,insecure,7.3670000419951975
275,legitimate,secure,16.30220003426075
275,bola,secure,12.696099991444498
276,legitimate,insecure,7.641400035936385
276,bola,insecure,6.58129999646917
276,legitimate,secure,15.440499992109835
276,bola,secure,12.631000019609928
277,legitimate,insecure,6.599000014830381
277,bola,insecure,7.900999975390732
277,legitimate,secure,14.878600020892918
277,bola,secure,14.271599997300655
278,legitimate,insecure,7.251300034113228
278,bola,insecure,8.723200007807463
278,legitimate,secure,15.8235999988392
278,bola,secure,14.23380000051111
279,legitimate,insecure,8.147899992763996
279,bola,insecure,8.71319998987019
279,legitimate,secure,16.005500045139343
279,bola,secure,12.162300001364201
280,legitimate,insecure,7.1134999743662775
280,bola,insecure,7.2188000194728374
280,legitimate,secure,15.25609998498112
280,bola,secure,12.476200005039573
281,legitimate,insecure,8.416299999225885
281,bola,insecure,7.132800004910678
281,legitimate,secure,16.359200002625585
281,bola,secure,11.93730003433302
282,legitimate,insecure,7.088600017596036
282,bola,insecure,6.989200017414987
282,legitimate,secure,15.497100015636533
282,bola,secure,12.801299977581948
283,legitimate,insecure,9.561199985910207
283,bola,insecure,7.173200021497905
283,legitimate,secure,15.30059997458011
283,bola,secure,13.158000016119331
284,legitimate,insecure,6.717600044794381
284,bola,insecure,6.601700035389513
284,legitimate,secure,16.238700016401708
284,bola,secure,12.878499983344227
285,legitimate,insecure,8.930499956477433
285,bola,insecure,6.87169999582693
285,legitimate,secure,15.124299970921129
285,bola,secure,11.541999992914498
286,legitimate,insecure,7.591900008264929
286,bola,insecure,6.704800005536526
286,legitimate,secure,14.540900010615587
286,bola,secure,12.200199998915195
287,legitimate,insecure,8.046100032515824
287,bola,insecure,9.070300031453371
287,legitimate,secure,19.959500001277775
287,bola,secure,15.002499974798411
288,legitimate,insecure,7.692200015299022
288,bola,insecure,8.704999985639006
288,legitimate,secure,20.59420000296086
288,bola,secure,13.537899998482317
289,legitimate,insecure,7.704599993303418
289,bola,insecure,8.08209995739162
289,legitimate,secure,16.261200013104826
289,bola,secure,12.634900049306452
290,legitimate,insecure,8.344799978658557
290,bola,insecure,8.454900002107024
290,legitimate,secure,15.434500004630536
290,bola,secure,12.213899986818433
291,legitimate,insecure,7.0887000183574855
291,bola,insecure,7.785400026477873
291,legitimate,secure,15.455399989150465
291,bola,secure,14.872000028844923
292,legitimate,insecure,7.389099977444857
292,bola,insecure,8.03009996889159
292,legitimate,secure,14.723600004799664
292,bola,secure,12.749499990604818
293,legitimate,insecure,7.026700011920184
293,bola,insecure,7.049599953461438
293,legitimate,secure,14.467499975580722
293,bola,secure,13.936400006059557
294,legitimate,insecure,8.067799964919686
294,bola,insecure,7.626600039657205
294,legitimate,secure,17.022399988491088
294,bola,secure,19.943199993576854
295,legitimate,insecure,7.318700023461133
295,bola,insecure,6.60939997760579
295,legitimate,secure,16.10040001105517
295,bola,secure,12.719200050923973
296,legitimate,insecure,6.743700010702014
296,bola,insecure,7.610400032717735
296,legitimate,secure,15.024500025901943
296,bola,secure,12.141000013798475
297,legitimate,insecure,6.9849000428803265
297,bola,insecure,7.682100054807961
297,legitimate,secure,16.783099970780313
297,bola,secure,12.771699985023588
298,legitimate,insecure,7.812600000761449
298,bola,insecure,6.7517000134103
298,legitimate,secure,15.471799997612834
298,bola,secure,11.98760000988841
299,legitimate,insecure,7.767300005070865
299,bola,insecure,9.306900028605014
299,legitimate,secure,14.495500014163554
299,bola,secure,13.743699993938208
300,legitimate,insecure,8.608800009824336
300,bola,insecure,7.620199990924448
300,legitimate,secure,15.979899966623634
300,bola,secure,13.110300002153963
301,legitimate,insecure,7.5650999788194895
301,bola,insecure,8.186999999452382
301,legitimate,secure,14.775500050745904
301,bola,secure,13.250400021206588
302,legitimate,insecure,9.522900043521076
302,bola,insecure,8.84070002939552
302,legitimate,secure,17.781099944841117
302,bola,secure,12.880700000096112
303,legitimate,insecure,8.333699952345341
303,bola,insecure,7.8514000051654875
303,legitimate,secure,16.734300006646663
303,bola,secure,13.061299978289753
304,legitimate,insecure,8.29109997721389
304,bola,insecure,6.818499998189509
304,legitimate,secure,15.506599971558899
304,bola,secure,12.55520002450794
305,legitimate,insecure,6.8660000106319785
305,bola,insecure,7.328200037591159
305,legitimate,secure,16.94519998272881
305,bola,secure,15.155699977185577
306,legitimate,insecure,6.6911999601870775
306,bola,insecure,7.660000002942979
306,legitimate,secure,25.148199987597764
306,bola,secure,14.584299991838634
307,legitimate,insecure,9.035500057507306
307,bola,insecure,10.793099994771183
307,legitimate,secure,21.328100003302097
307,bola,secure,13.947400031611323
308,legitimate,insecure,7.634799985680729
308,bola,insecure,8.729199995286763
308,legitimate,secure,19.690200046170503
308,bola,secure,12.601300026290119
309,legitimate,insecure,7.971700048074126
309,bola,insecure,9.562399995047599
309,legitimate,secure,18.22700002230704
309,bola,secure,14.039799978490919
310,legitimate,insecure,8.53410002309829
310,bola,insecure,9.192999976221472
310,legitimate,secure,16.520300006959587
310,bola,secure,12.10759999230504
311,legitimate,insecure,9.438200038857758
311,bola,insecure,10.489000007510185
311,legitimate,secure,15.991299995221198
311,bola,secure,12.456699972972274
312,legitimate,insecure,7.893299974966794
312,bola,insecure,9.708300000056624
312,legitimate,secure,15.805099974386394
312,bola,secure,12.230799999088049
313,legitimate,insecure,9.817799960728735
313,bola,insecure,7.694699976127595
313,legitimate,secure,15.24709997465834
313,bola,secure,11.589900008402765
314,legitimate,insecure,6.907500035595149
314,bola,insecure,6.72210002085194
314,legitimate,secure,14.979599975049496
314,bola,secure,12.25750002777204
315,legitimate,insecure,7.256500015500933
315,bola,insecure,8.221800031606108
315,legitimate,secure,17.733899992890656
315,bola,secure,14.757300028577447
316,legitimate,insecure,8.794400026090443
316,bola,insecure,8.815199951641262
316,legitimate,secure,19.17189999949187
316,bola,secure,13.774799997918308
317,legitimate,insecure,9.361599979456514
317,bola,insecure,8.87339998735115
317,legitimate,secure,18.760700011625886
317,bola,secure,14.285299985203892
318,legitimate,insecure,13.66029999917373
318,bola,insecure,11.44969998858869
318,legitimate,secure,19.710399967152625
318,bola,secure,14.67230002162978
319,legitimate,insecure,11.649000050965697
319,bola,insecure,11.601399979554117
319,legitimate,secure,17.537200008518994
319,bola,secure,13.351999979931861
320,legitimate,insecure,10.691100033000112
320,bola,insecure,8.455200004391372
320,legitimate,secure,16.11829997273162
320,bola,secure,12.760300014633685
321,legitimate,insecure,9.68809996265918
321,bola,insecure,7.867100008297712
321,legitimate,secure,18.26059998711571
321,bola,secure,12.398199993185699
322,legitimate,insecure,8.772299974225461
322,bola,insecure,9.537199977785349
322,legitimate,secure,16.21319999685511
322,bola,secure,13.309599948115647
323,legitimate,insecure,8.8732999865897
323,bola,insecure,7.405299984384328
323,legitimate,secure,18.384900002274662
323,bola,secure,12.38169998396188
324,legitimate,insecure,6.851799960713834
324,bola,insecure,9.670600004028529
324,legitimate,secure,17.716099973767996
324,bola,secure,13.853700016625226
325,legitimate,insecure,7.8090999741107225
325,bola,insecure,8.623800007626414
325,legitimate,secure,18.07550003286451
325,bola,secure,13.177199987694621
326,legitimate,insecure,7.936699956189841
326,bola,insecure,10.123300016857684
326,legitimate,secure,18.149100011214614
326,bola,secure,15.326199994888157
327,legitimate,insecure,9.95800003875047
327,bola,insecure,9.411600010935217
327,legitimate,secure,20.780300023034215
327,bola,secure,14.24410002073273
328,legitimate,insecure,8.819099981337786
328,bola,insecure,8.68359999731183
328,legitimate,secure,21.230799960903823
328,bola,secure,14.658799977041781
329,legitimate,insecure,7.632799970451742
329,bola,insecure,7.604699989315122
329,legitimate,secure,19.901499967090786
329,bola,secure,15.404900012072176
330,legitimate,insecure,8.76649998826906
330,bola,insecure,6.664399988949299
330,legitimate,secure,21.067900001071393
330,bola,secure,13.3359000319615
331,legitimate,insecure,6.674500007648021
331,bola,insecure,6.881900015287101
331,legitimate,secure,18.126600014511496
331,bola,secure,14.858099981211126
332,legitimate,insecure,7.437299995217472
332,bola,insecure,6.374099990352988
332,legitimate,secure,15.521700028330088
332,bola,secure,13.24709999607876
333,legitimate,insecure,7.56220001494512
333,bola,insecure,6.6803000518120825
333,legitimate,secure,20.692499994765967
333,bola,secure,14.957099978346378
334,legitimate,insecure,7.439600012730807
334,bola,insecure,6.37090002419427
334,legitimate,secure,20.307999977376312
334,bola,secure,16.308600024785846
335,legitimate,insecure,6.765300000552088
335,bola,insecure,7.974600011948496
335,legitimate,secure,19.187099998816848
335,bola,secure,13.581499981228262
336,legitimate,insecure,7.798899954650551
336,bola,insecure,6.470100022852421
336,legitimate,secure,18.93479999853298
336,bola,secure,13.496200030203909
337,legitimate,insecure,6.346799957100302
337,bola,insecure,7.626799982972443
337,legitimate,secure,18.24910001596436
337,bola,secure,14.725400018505752
338,legitimate,insecure,8.228700025938451
338,bola,insecure,7.207699993159622
338,legitimate,secure,18.663500028196722
338,bola,secure,14.793100010138005
339,legitimate,insecure,7.430600002408028
339,bola,insecure,8.363400003872812
339,legitimate,secure,21.138400014024228
339,bola,secure,13.36570002604276
340,legitimate,insecure,6.668200017884374
340,bola,insecure,7.306600047741085
340,legitimate,secure,16.949200013186783
340,bola,secure,12.089199968613684
341,legitimate,insecure,6.469100015237927
341,bola,insecure,8.254799991846085
341,legitimate,secure,18.15860002534464
341,bola,secure,14.23250004881993
342,legitimate,insecure,10.592299979180098
342,bola,insecure,7.874900009483099
342,legitimate,secure,20.256799994967878
342,bola,secure,14.382399967871606
343,legitimate,insecure,7.490399992093444
343,bola,insecure,9.942599979694933
343,legitimate,secure,17.368300002999604
343,bola,secure,14.751599985174835
344,legitimate,insecure,8.929999952670187
344,bola,insecure,7.948899990878999
344,legitimate,secure,19.391399982851
344,bola,secure,16.465599997900426
345,legitimate,insecure,6.949200003873557
345,bola,insecure,8.592300000600517
345,legitimate,secure,18.78679997753352
345,bola,secure,12.26769998902455
346,legitimate,insecure,7.040099997539073
346,bola,insecure,8.197600021958351
346,legitimate,secure,16.88259997172281
346,bola,secure,12.91669998317957
347,legitimate,insecure,7.933799992315471
347,bola,insecure,6.478200026322156
347,legitimate,secure,15.933699964080006
347,bola,secure,13.403600023593754
348,legitimate,insecure,7.189000025391579
348,bola,insecure,7.179100008215755
348,legitimate,secure,19.25950002623722
348,bola,secure,14.810199965722859
349,legitimate,insecure,7.5652000377886
349,bola,insecure,6.531299964990467
349,legitimate,secure,15.384599973913282
349,bola,secure,12.59230001596734
350,legitimate,insecure,6.842900009360164
350,bola,insecure,7.658699993044138
350,legitimate,secure,15.711400017607957
350,bola,secure,13.483199989423156
351,legitimate,insecure,7.96509999781847
351,bola,insecure,7.777900027576834
351,legitimate,secure,16.915899992454797
351,bola,secure,12.222899997141212
352,legitimate,insecure,7.9552000388503075
352,bola,insecure,7.342800032347441
352,legitimate,secure,15.89919999241829
352,bola,secure,11.899199977051467
353,legitimate,insecure,9.667999984230846
353,bola,insecure,8.10010003624484
353,legitimate,secure,15.424699988216162
353,bola,secure,12.223599944263697
354,legitimate,insecure,7.693799969274551
354,bola,insecure,8.396000019274652
354,legitimate,secure,18.609699967782944
354,bola,secure,13.51509999949485
355,legitimate,insecure,6.58869999460876
355,bola,insecure,7.072499953210354
355,legitimate,secure,15.967800049111247
355,bola,secure,12.86790001904592
356,legitimate,insecure,7.535299984738231
356,bola,insecure,7.432600017637014
356,legitimate,secure,18.0326999980025
356,bola,secure,13.043900020420551
357,legitimate,insecure,6.551300000865012
357,bola,insecure,7.001500052865595
357,legitimate,secure,17.251099983695894
357,bola,secure,14.072699996177107
358,legitimate,insecure,7.062399992719293
358,bola,insecure,7.838800025638193
358,legitimate,secure,15.506800031289458
358,bola,secure,12.682400003541261
359,legitimate,insecure,6.731099972967058
359,bola,insecure,8.409200003370643
359,legitimate,secure,15.625
359,bola,secure,12.800499971490353
360,legitimate,insecure,7.3019000119529665
360,bola,insecure,9.13560000481084
360,legitimate,secure,17.82060001278296
360,bola,secure,14.904099982231855
361,legitimate,insecure,7.350599975325167
361,bola,insecure,6.860899971798062
361,legitimate,secure,18.914999964181334
361,bola,secure,12.663999979849905
362,legitimate,insecure,8.046299975831062
362,bola,insecure,7.767500006593764
362,legitimate,secure,15.231099969241768
362,bola,secure,12.548000027891248
363,legitimate,insecure,6.684799969661981
363,bola,insecure,7.622700009960681
363,legitimate,secure,19.132199988234788
363,bola,secure,13.47960002021864
364,legitimate,insecure,11.12110004760325
364,bola,insecure,9.371799998916686
364,legitimate,secure,17.932399990968406
364,bola,secure,13.597999990452081
365,legitimate,insecure,8.813099993858486
365,bola,insecure,8.13239999115467
365,legitimate,secure,18.517500022426248
365,bola,secure,13.632900023367256
366,legitimate,insecure,9.851699986029416
366,bola,insecure,9.09259996842593
366,legitimate,secure,18.96290003787726
366,bola,secure,13.15059995977208
367,legitimate,insecure,8.348300005309284
367,bola,insecure,8.146799984388053
367,legitimate,secure,17.92299997759983
367,bola,secure,13.579800026491284
368,legitimate,insecure,8.52360000135377
368,bola,insecure,7.409300014842302
368,legitimate,secure,17.966300016269088
368,bola,secure,14.053499966394156
369,legitimate,insecure,8.537799993064255
369,bola,insecure,6.9629999925382435
369,legitimate,secure,18.961199966724962
369,bola,secure,13.542899978347123
370,legitimate,insecure,9.589400026015937
370,bola,insecure,8.323299989569932
370,legitimate,secure,19.709100015461445
370,bola,secure,14.462399994954467
371,legitimate,insecure,8.497900038491935
371,bola,insecure,9.149699995759875
371,legitimate,secure,21.234599989838898
371,bola,secure,15.61299996683374
372,legitimate,insecure,8.333600009791553
372,bola,insecure,7.422299997415394
372,legitimate,secure,21.80779998889193
372,bola,secure,14.234300004318357
373,legitimate,insecure,8.285799995064735
373,bola,insecure,9.387199999764562
373,legitimate,secure,21.01210004184395
373,bola,secure,15.605100023094565
374,legitimate,insecure,8.823700016364455
374,bola,insecure,9.276999975554645
374,legitimate,secure,20.297399954870343
374,bola,secure,15.321100014261901
375,legitimate,insecure,8.738900010939687
375,bola,insecure,16.327699995599687
375,legitimate,secure,21.83269994566217
375,bola,secure,15.21019998472184
376,legitimate,insecure,9.15190001251176
376,bola,insecure,8.284000039566308
376,legitimate,secure,17.514700011815876
376,bola,secure,15.291200019419193
377,legitimate,insecure,9.277500037569553
377,bola,insecure,9.242899948731065
377,legitimate,secure,20.423700043465942
377,bola,secure,15.490400022827089
378,legitimate,insecure,7.29390000924468
378,bola,insecure,7.119399961084127
378,legitimate,secure,23.523000010754913
378,bola,secure,15.283000015188009
379,legitimate,insecure,8.525400015059859
379,bola,insecure,6.887199997436255
379,legitimate,secure,20.854000002145767
379,bola,secure,18.21200002450496
380,legitimate,insecure,6.869000033475459
380,bola,insecure,6.591399956960231
380,legitimate,secure,18.378400010988116
380,bola,secure,16.95870002731681
381,legitimate,insecure,8.22139997035265
381,bola,insecure,6.695499992929399
381,legitimate,secure,31.172099988907576
381,bola,secure,16.057299973908812
382,legitimate,insecure,6.9899000227451324
382,bola,insecure,6.539399968460202
382,legitimate,secure,18.64299998851493
382,bola,secure,12.62180000776425
383,legitimate,insecure,7.450599980074912
383,bola,insecure,6.8938999902457
383,legitimate,secure,17.50939997145906
383,bola,secure,13.24110000859946
384,legitimate,insecure,6.682700011879206
384,bola,insecure,6.632699980400503
384,legitimate,secure,17.913299961946905
384,bola,secure,12.230799999088049
385,legitimate,insecure,7.150699966587126
385,bola,insecure,7.018500007688999
385,legitimate,secure,17.957500007469207
385,bola,secure,13.098399969749153
386,legitimate,insecure,7.511999981943518
386,bola,insecure,7.404100033454597
386,legitimate,secure,20.617000001948327
386,bola,secure,13.517900020815432
387,legitimate,insecure,7.554799958597869
387,bola,insecure,8.109599992167205
387,legitimate,secure,18.841300043277442
387,bola,secure,15.393699984997511
388,legitimate,insecure,7.224000000860542
388,bola,insecure,8.32070002797991
388,legitimate,secure,18.037299974821508
388,bola,secure,13.736099994275719
389,legitimate,insecure,6.643400003667921
389,bola,insecure,6.93700002739206
389,legitimate,secure,17.82379997894168
389,bola,secure,12.4468999565579
390,legitimate,insecure,7.4760999996215105
390,bola,insecure,8.07169999461621
390,legitimate,secure,19.27400002023205
390,bola,secure,13.336300035007298
391,legitimate,insecure,7.172200013883412
391,bola,insecure,6.857300002593547
391,legitimate,secure,16.806200030259788
391,bola,secure,12.756899988744408
392,legitimate,insecure,6.590600009076297
392,bola,insecure,8.770000014919788
392,legitimate,secure,16.33770001353696
392,bola,secure,14.005400007590652
393,legitimate,insecure,7.578599965199828
393,bola,insecure,6.757299997843802
393,legitimate,secure,18.48149998113513
393,bola,secure,13.934899994637817
394,legitimate,insecure,6.647199974395335
394,bola,insecure,7.045599981211126
394,legitimate,secure,16.382800007704645
394,bola,secure,12.050499964971095
395,legitimate,insecure,7.027200015727431
395,bola,insecure,6.627800001297146
395,legitimate,secure,16.032999963499606
395,bola,secure,13.273500022478402
396,legitimate,insecure,8.434199960902333
396,bola,insecure,6.682500010356307
396,legitimate,secure,17.410699976608157
396,bola,secure,13.043200015090406
397,legitimate,insecure,6.62719999672845
397,bola,insecure,6.885099981445819
397,legitimate,secure,16.242299985606223
397,bola,secure,11.652000015601516
398,legitimate,insecure,9.305399958975613
398,bola,insecure,7.950100000016391
398,legitimate,secure,16.27530000405386
398,bola,secure,13.548400020226836
399,legitimate,insecure,7.657499983906746
399,bola,insecure,7.602199970278889
399,legitimate,secure,20.147399976849556
399,bola,secure,14.908500015735626
400,legitimate,insecure,7.622700009960681
400,bola,insecure,6.642499996814877
400,legitimate,secure,17.96760002616793
400,bola,secure,12.826599995605648
401,legitimate,insecure,6.800299976021051
401,bola,insecure,6.855000043287873
401,legitimate,secure,16.840299998875707
401,bola,secure,11.906899977475405
402,legitimate,insecure,7.190899981651455
402,bola,insecure,7.506599999032915
402,legitimate,secure,17.392900015693158
402,bola,secure,12.443699990399182
403,legitimate,insecure,6.565999996382743
403,bola,insecure,7.437399995978922
403,legitimate,secure,15.578499995172024
403,bola,secure,13.56120000127703
404,legitimate,insecure,6.73979998100549
404,bola,insecure,6.614200014155358
404,legitimate,secure,18.53329996811226
404,bola,secure,13.432900013867766
405,legitimate,insecure,6.607300019823015
405,bola,insecure,7.033000001683831
405,legitimate,secure,16.866200021468103
405,bola,secure,13.794999977108091
406,legitimate,insecure,7.236799981910735
406,bola,insecure,7.018399948719889
406,legitimate,secure,16.04119996773079
406,bola,secure,11.72830001451075
407,legitimate,insecure,7.478000014089048
407,bola,insecure,8.220299961976707
407,legitimate,secure,17.302999971434474
407,bola,secure,12.45879998896271
408,legitimate,insecure,7.033500005491078
408,bola,insecure,6.4910000073723495
408,legitimate,secure,18.344499985687435
408,bola,secure,11.778999993111938
409,legitimate,insecure,7.114600040949881
409,bola,insecure,7.376399997156113
409,legitimate,secure,16.873700020369142
409,bola,secure,12.70620001014322
410,legitimate,insecure,7.11330003105104
410,bola,insecure,6.465700047556311
410,legitimate,secure,16.070400015451014
410,bola,secure,12.294899963308126
411,legitimate,insecure,6.685500033199787
411,bola,insecure,7.947099977172911
411,legitimate,secure,17.492099956143647
411,bola,secure,12.660700012929738
412,legitimate,insecure,7.368699996732175
412,bola,insecure,6.900899985339493
412,legitimate,secure,15.719700022600591
412,bola,secure,12.928100011777133
413,legitimate,insecure,7.65689997933805
413,bola,insecure,7.866200001444668
413,legitimate,secure,15.176500019151717
413,bola,secure,11.346799961756915
414,legitimate,insecure,7.183400040958077
414,bola,insecure,8.512400032486767
414,legitimate,secure,19.59879999049008
414,bola,secure,13.24850000673905
415,legitimate,insecure,8.794899971690029
415,bola,insecure,8.246299985330552
415,legitimate,secure,14.964999980293214
415,bola,secure,12.466999993193895
416,legitimate,insecure,8.69099999545142
416,bola,insecure,7.484900008421391
416,legitimate,secure,16.532499983441085
416,bola,secure,12.339900014922023
417,legitimate,insecure,7.888399995863438
417,bola,insecure,7.850599999073893
417,legitimate,secure,18.984500027727336
417,bola,secure,11.72529999166727
418,legitimate,insecure,8.061499975156039
418,bola,insecure,7.284399995114654
418,legitimate,secure,16.497400007210672
418,bola,secure,12.278199952561408
419,legitimate,insecure,7.630400010384619
419,bola,insecure,6.787299993447959
419,legitimate,secure,14.778300013858825
419,bola,secure,13.655500020831823
420,legitimate,insecure,6.640400039032102
420,bola,insecure,9.020500001497567
420,legitimate,secure,16.1954999784939
420,bola,secure,12.910899997223169
421,legitimate,insecure,6.5543000237084925
421,bola,insecure,7.233799959067255
421,legitimate,secure,15.853599994443357
421,bola,secure,13.38929997291416
422,legitimate,insecure,6.468300009146333
422,bola,insecure,7.202400011010468
422,legitimate,secure,15.923600003588945
422,bola,secure,13.58169998275116
423,legitimate,insecure,6.785700039472431
423,bola,insecure,6.85990002239123
423,legitimate,secure,18.709100026171654
423,bola,secure,14.719499973580241
424,legitimate,insecure,6.450999993830919
424,bola,insecure,7.587499974761158
424,legitimate,secure,17.262700013816357
424,bola,secure,14.382799970917404
425,legitimate,insecure,6.605600006878376
425,bola,insecure,6.762299977708608
425,legitimate,secure,18.848499981686473
425,bola,secure,14.857199974358082
426,legitimate,insecure,7.02859996818006
426,bola,insecure,7.4341000290587544
426,legitimate,secure,19.53500002855435
426,bola,secure,12.607400014530867
427,legitimate,insecure,7.505500048864633
427,bola,insecure,7.493400014936924
427,legitimate,secure,16.88010001089424
427,bola,secure,13.663200021255761
428,legitimate,insecure,7.238799997139722
428,bola,insecure,7.540299964603037
428,legitimate,secure,17.097400035709143
428,bola,secure,13.105900026857853
429,legitimate,insecure,6.552400009240955
429,bola,insecure,6.660899962298572
429,legitimate,secure,20.55730001302436
429,bola,secure,12.64099997933954
430,legitimate,insecure,7.712899998296052
430,bola,insecure,6.48350000847131
430,legitimate,secure,15.119599993340671
430,bola,secure,12.826499994844198
431,legitimate,insecure,6.406200001947582
431,bola,insecure,6.51310000102967
431,legitimate,secure,16.918800014536828
431,bola,secure,13.252699980512261
432,legitimate,insecure,8.19319998845458
432,bola,insecure,7.134300016332418
432,legitimate,secure,16.15099998889491
432,bola,secure,12.382600049022585
433,legitimate,insecure,7.0807000156491995
433,bola,insecure,6.8177999928593636
433,legitimate,secure,14.658400032203645
433,bola,secure,12.535000045318156
434,legitimate,insecure,8.69539997074753
434,bola,insecure,6.835900014266372
434,legitimate,secure,15.262300032190979
434,bola,secure,12.48249999480322
435,legitimate,insecure,6.67610001983121
435,bola,insecure,7.230499992147088
435,legitimate,secure,16.4931999752298
435,bola,secure,12.600400019437075
436,legitimate,insecure,7.191199983935803
436,bola,insecure,6.476400012616068
436,legitimate,secure,17.428599996492267
436,bola,secure,12.513199995737523
437,legitimate,insecure,7.528800051659346
437,bola,insecure,9.357200004160404
437,legitimate,secure,16.058599983807653
437,bola,secure,12.940200045704842
438,legitimate,insecure,7.233800017274916
438,bola,insecure,9.049099986441433
438,legitimate,secure,16.127899987623096
438,bola,secure,11.755499988794327
439,legitimate,insecure,7.076199981383979
439,bola,insecure,7.167400035541505
439,legitimate,secure,15.140899980906397
439,bola,secure,13.311899965628982
440,legitimate,insecure,6.684800027869642
440,bola,insecure,6.5144999534823
440,legitimate,secure,16.350299993064255
440,bola,secure,13.548799965064973
441,legitimate,insecure,7.056300004478544
441,bola,insecure,7.083699980285019
441,legitimate,secure,16.02209999691695
441,bola,secure,12.827100057620555
442,legitimate,insecure,7.3364999843761325
442,bola,insecure,6.847400043625385
442,legitimate,secure,16.043699986767024
442,bola,secure,11.287799978163093
443,legitimate,insecure,8.918299979995936
443,bola,insecure,9.097800008021295
443,legitimate,secure,15.422799973748624
443,bola,secure,11.910300003364682
444,legitimate,insecure,7.1090999990701675
444,bola,insecure,6.989999965298921
444,legitimate,secure,16.26780000515282
444,bola,secure,11.701100040227175
445,legitimate,insecure,7.534999982453883
445,bola,insecure,7.118200010154396
445,legitimate,secure,15.861499996390194
445,bola,secure,11.527800001204014
446,legitimate,insecure,7.675799948628992
446,bola,insecure,6.79770001443103
446,legitimate,secure,15.06339997285977
446,bola,secure,12.402299966197461
447,legitimate,insecure,7.255799951963127
447,bola,insecure,7.034100010059774
447,legitimate,secure,15.705199970398098
447,bola,secure,12.679299979936332
448,legitimate,insecure,6.568599957972765
448,bola,insecure,6.882800022140145
448,legitimate,secure,15.271499985828996
448,bola,secure,12.162800005171448
449,legitimate,insecure,7.538999954704195
449,bola,insecure,8.643199980724603
449,legitimate,secure,15.33920003566891
449,bola,secure,12.709500035271049
450,legitimate,insecure,10.372999997343868
450,bola,insecure,10.654899990186095
450,legitimate,secure,19.69360001385212
450,bola,secure,13.031599984969944
451,legitimate,insecure,10.416399978566915
451,bola,insecure,10.453699971549213
451,legitimate,secure,15.929500048514456
451,bola,secure,12.174700037576258
452,legitimate,insecure,8.270100050140172
452,bola,insecure,7.721000001765788
452,legitimate,secure,16.363500035367906
452,bola,secure,12.601600028574467
453,legitimate,insecure,9.649300016462803
453,bola,insecure,8.6260000243783
453,legitimate,secure,16.144599998369813
453,bola,secure,13.850799994543195
454,legitimate,insecure,7.886100036557764
454,bola,insecure,8.155699993949383
454,legitimate,secure,15.714600041974336
454,bola,secure,15.149999991990626
455,legitimate,insecure,7.133600011002272
455,bola,insecure,6.93110004067421
455,legitimate,secure,15.78800001880154
455,bola,secure,12.79060001252219
456,legitimate,insecure,8.067699964158237
456,bola,insecure,8.126100001391023
456,legitimate,secure,17.320299986749887
456,bola,secure,13.87819997034967
457,legitimate,insecure,7.915599970147014
457,bola,insecure,7.5727999792434275
457,legitimate,secure,16.04580000275746
457,bola,secure,14.243100013118237
458,legitimate,insecure,7.986099983099848
458,bola,insecure,8.630600001197308
458,legitimate,secure,16.26370003214106
458,bola,secure,12.605800002347678
459,legitimate,insecure,6.8039000034332275
459,bola,insecure,7.048900006338954
459,legitimate,secure,17.018900020048022
459,bola,secure,12.263500015251338
460,legitimate,insecure,6.643700005952269
460,bola,insecure,7.684800017159432
460,legitimate,secure,16.117899969685823
460,bola,secure,13.193199993111193
461,legitimate,insecure,7.189199968706816
461,bola,insecure,7.775300007779151
461,legitimate,secure,16.571199987083673
461,bola,secure,12.40239996695891
462,legitimate,insecure,8.479800017084926
462,bola,insecure,6.561000016517937
462,legitimate,secure,16.957399959210306
462,bola,secure,14.019700000062585
463,legitimate,insecure,6.781200005207211
463,bola,insecure,6.590199947822839
463,legitimate,secure,14.869600010570139
463,bola,secure,12.96109997201711
464,legitimate,insecure,7.412200036924332
464,bola,insecure,6.8243000423535705
464,legitimate,secure,15.077200019732118
464,bola,secure,12.3611000017263
465,legitimate,insecure,6.903600005898625
465,bola,insecure,6.412599992472678
465,legitimate,secure,15.803499962203205
465,bola,secure,11.742900009267032
466,legitimate,insecure,9.37570002861321
466,bola,insecure,6.835300009697676
466,legitimate,secure,16.631999984383583
466,bola,secure,12.248000013642013
467,legitimate,insecure,6.922999978996813
467,bola,insecure,6.377500016242266
467,legitimate,secure,15.079899982083589
467,bola,secure,11.828600021544844
468,legitimate,insecure,7.11770000634715
468,bola,insecure,7.169899996370077
468,legitimate,secure,17.495799984317273
468,bola,secure,11.430100013967603
469,legitimate,insecure,6.9213000242598355
469,bola,insecure,9.65259998338297
469,legitimate,secure,15.313100011553615
469,bola,secure,12.08239997504279
470,legitimate,insecure,7.414799998514354
470,bola,insecure,6.5929999691434205
470,legitimate,secure,15.523499983828515
470,bola,secure,12.86029996117577
471,legitimate,insecure,6.756899994798005
471,bola,insecure,7.334499969147146
471,legitimate,secure,16.47689996752888
471,bola,secure,13.517500017769635
472,legitimate,insecure,7.990200014319271
472,bola,insecure,7.209799950942397
472,legitimate,secure,15.231399971526116
472,bola,secure,12.501600023824722
473,legitimate,insecure,6.443699996452779
473,bola,insecure,7.905200007371604
473,legitimate,secure,16.72130002407357
473,bola,secure,12.235799978952855
474,legitimate,insecure,8.00370000069961
474,bola,insecure,7.577100011985749
474,legitimate,secure,16.150199982803315
474,bola,secure,12.246199999935925
475,legitimate,insecure,6.798099959269166
475,bola,insecure,7.543299987446517
475,legitimate,secure,17.02379999915138
475,bola,secure,11.394299974199384
476,legitimate,insecure,7.309700013138354
476,bola,insecure,7.987700053490698
476,legitimate,secure,14.982199994847178
476,bola,secure,14.631999947596341
477,legitimate,insecure,6.838600034825504
477,bola,insecure,7.320899982005358
477,legitimate,secure,17.172200023196638
477,bola,secure,11.905700026545674
478,legitimate,insecure,6.474699999671429
478,bola,insecure,6.9500000099651515
478,legitimate,secure,13.979300041683018
478,bola,secure,11.558199999853969
479,legitimate,insecure,7.746599963866174
479,bola,insecure,6.727700005285442
479,legitimate,secure,15.695500012952834
479,bola,secure,12.465199979487807
480,legitimate,insecure,7.32649996643886
480,bola,insecure,7.56070000352338
480,legitimate,secure,16.049299971200526
480,bola,secure,11.295499978587031
481,legitimate,insecure,7.885599974542856
481,bola,insecure,6.590800010599196
481,legitimate,secure,15.57920000050217
481,bola,secure,12.57439999608323
482,legitimate,insecure,7.349999970756471
482,bola,insecure,8.87919997330755
482,legitimate,secure,14.570400002412498
482,bola,secure,12.778100033756346
483,legitimate,insecure,9.653699991758913
483,bola,insecure,7.944800017867237
483,legitimate,secure,16.19410002604127
483,bola,secure,12.059999979101121
484,legitimate,insecure,7.617299968842417
484,bola,insecure,8.822600007988513
484,legitimate,secure,14.529499982018024
484,bola,secure,12.385599955450743
485,legitimate,insecure,8.309800003189594
485,bola,insecure,8.366400026716292
485,legitimate,secure,15.43400000082329
485,bola,secure,11.949499952606857
486,legitimate,insecure,8.752099995035678
486,bola,insecure,9.937399998307228
486,legitimate,secure,21.439799980726093
486,bola,secure,12.37740000942722
487,legitimate,insecure,9.287900000344962
487,bola,insecure,8.238599984906614
487,legitimate,secure,17.81049999408424
487,bola,secure,14.245300029870123
488,legitimate,insecure,7.705199997872114
488,bola,insecure,11.927199957426637
488,legitimate,secure,17.902699997648597
488,bola,secure,13.12099996721372
489,legitimate,insecure,7.624600024428219
489,bola,insecure,8.821700001135468
489,legitimate,secure,93.01939996657893
489,bola,secure,14.558100025169551
490,legitimate,insecure,9.158900007605553
490,bola,insecure,64.91009995806962
490,legitimate,secure,17.69459998467937
490,bola,secure,12.637700012419373
491,legitimate,insecure,9.59490000968799
491,bola,insecure,8.82149999961257
491,legitimate,secure,16.50369999697432
491,bola,secure,12.808000028599054
492,legitimate,insecure,8.378099999390543
492,bola,insecure,7.077900052536279
492,legitimate,secure,16.378699976485223
492,bola,secure,11.757700005546212
493,legitimate,insecure,8.926199981942773
493,bola,insecure,8.831700019072741
493,legitimate,secure,16.831799992360175
493,bola,secure,12.963500048499554
494,legitimate,insecure,9.777500003110617
494,bola,insecure,8.91779997618869
494,legitimate,secure,15.728000027593225
494,bola,secure,13.426000019535422
495,legitimate,insecure,9.399000031407923
495,bola,insecure,8.269400044810027
495,legitimate,secure,15.025499975308776
495,bola,secure,12.502099969424307
496,legitimate,insecure,10.20530000096187
496,bola,insecure,8.555400010664016
496,legitimate,secure,18.190499977208674
496,bola,secure,13.629099994432181
497,legitimate,insecure,6.819200003519654
497,bola,insecure,7.881900004576892
497,legitimate,secure,18.900000024586916
497,bola,secure,16.06959995115176
498,legitimate,insecure,10.496300004888326
498,bola,insecure,9.90300002740696
498,legitimate,secure,16.50490000611171
498,bola,secure,12.986699992325157
499,legitimate,insecure,7.446200004778802
499,bola,insecure,8.386300003621727
499,legitimate,secure,18.710799980908632
499,bola,secure,11.924799997359514
500,legitimate,insecure,8.507199992891401
500,bola,insecure,9.521299973130226
500,legitimate,secure,18.002500000875443
500,bola,secure,12.50020001316443
